INSERT INTO heroku_d6d405d196910d3.utilisateur (idutilisateur, pseudo, nom, prenom, email, date_naissance, role, num_etu, password) VALUES (1, 'toto', 'ntoto', 'ptoto', 'toto@toto.fr', '2020-12-10', 'USER', '40394302', '$2a$10$94k16nzKiv2zqnwxv/cUr.GtTapSZ4xSp3DIWxdlU2L3k2kgzDc8a');
INSERT INTO heroku_d6d405d196910d3.utilisateur (idutilisateur, pseudo, nom, prenom, email, date_naissance, role, num_etu, password) VALUES (11, 'Ubald Gansta', 'KELLOUTE', 'Ubald', 'ubald@gmail.com', '2020-12-10', 'USER', '40565428', '$2a$10$wvo3TYVWR2TM9k3e8aGYZOkMjTwWYFYeZWXa.zPeeXQhckU72rmrO');
INSERT INTO heroku_d6d405d196910d3.utilisateur (idutilisateur, pseudo, nom, prenom, email, date_naissance, role, num_etu, password) VALUES (21, 'Ubald Gansta', 'KELLOUTE', 'Ubald', 'ubaldd@gmail.com', '2020-12-10', 'USER', '40565428', '$2a$10$1OTY6Wh5Oh5IvlosIJDcLOktraPHr5PQffVtpn9YRCJHaoef/L3/W');
INSERT INTO heroku_d6d405d196910d3.utilisateur (idutilisateur, pseudo, nom, prenom, email, date_naissance, role, num_etu, password) VALUES (41, 'Ubald Gansta', 'KELLOUTE', 'Ubald', 'ubalddd@gmail.com', '2020-12-10', 'USER', '405654284', '$2a$10$KPovL7bT5s/ukUkCWhRy..SpGZnv/chW1cFyJlpTkWfrAb1aI3oIS');
INSERT INTO heroku_d6d405d196910d3.utilisateur (idutilisateur, pseudo, nom, prenom, email, date_naissance, role, num_etu, password) VALUES (51, 'wass la menace', 'cMonNom', 'wassim', 'wassim@fake.com', '1997-01-07', 'USER', '452258865', '$2a$10$peoZmQDCb0wxeCvtJVL3Su7ThKkjmdEffy8UMjdDUvc8zmoEgljju');
INSERT INTO heroku_d6d405d196910d3.utilisateur (idutilisateur, pseudo, nom, prenom, email, date_naissance, role, num_etu, password) VALUES (61, 'WassLaMenace', 'Weshweshh', 'Wassim', 'wassimm@fake.com', '1997-01-07', 'USER', '548695478', '$2a$10$JUdyPAJf4P0G7PVWo7g5SeBBgo5iZ4CaY79ZvbGjh3MQ6BIDaW54C');
INSERT INTO heroku_d6d405d196910d3.utilisateur (idutilisateur, pseudo, nom, prenom, email, date_naissance, role, num_etu, password) VALUES (71, 'wassimiento', 'weswes', 'wassim', 'wassimmm@fake.com', '1997-01-07', 'USER', '577269855', '$2a$10$l7DHtXHVqaPa0iJyUGlKNOO8viEu6TPsczI7SWWY5csMOW73I21CK');
INSERT INTO heroku_d6d405d196910d3.utilisateur (idutilisateur, pseudo, nom, prenom, email, date_naissance, role, num_etu, password) VALUES (81, 'Soso Maness', 'Khalfi', 'Sofian', 'wassimmmm@fake.com', '1997-01-07', 'USER', '547855629', '$2a$10$1m.Br2PYP3Roywr0cphZPOEwh.xMtUDZGLr5fq62OrICLlQSrX.2y');
INSERT INTO heroku_d6d405d196910d3.utilisateur (idutilisateur, pseudo, nom, prenom, email, date_naissance, role, num_etu, password) VALUES (91, 'Soso Manessss', 'Khalfiii', 'Sofian', 'wassimmmm22@fake.com', '1997-01-07', 'USER', '5468465411', '$2a$10$OMd5GbAPs5yQzcl4dqOt/eV5xhCetOIWC1gHr/h/8ldEljE3Q7ZAa');
INSERT INTO heroku_d6d405d196910d3.utilisateur (idutilisateur, pseudo, nom, prenom, email, date_naissance, role, num_etu, password) VALUES (121, 'Soso Maness', 'Khalfiii', 'Sosososo', 'zazaza@gmail.com', '1997-01-07', 'USER', '458996577', '$2a$10$gCzMtD.SbDuVSUAsnkmYKOloDTZn45hs.XLtaZ1ytNUjNxUqStnji');
INSERT INTO heroku_d6d405d196910d3.utilisateur (idutilisateur, pseudo, nom, prenom, email, date_naissance, role, num_etu, password) VALUES (131, 'Wassim', 'Finalll', 'Testttt', 'soso@gmail.com', '1997-01-07', 'USER', '845823644', '$2a$10$0zdvxOYS3IriNzcMhCKE5uu4RCQJc5NvoR0E5iZrZQvK5pNzaD4Fy');
INSERT INTO heroku_d6d405d196910d3.album (idalbum, titre, date_sortie, description, idutilisateur) VALUES (1, 'Dur d''être miagiste', '2021-01-13', 'C''est dur d''être en miage', 11);
INSERT INTO heroku_d6d405d196910d3.album (idalbum, titre, date_sortie, description, idutilisateur) VALUES (11, 'Fais toi plaisir', '2020-12-11', 'Inspiration de Ubald', 21);
INSERT INTO heroku_d6d405d196910d3.album (idalbum, titre, date_sortie, description, idutilisateur) VALUES (21, 'On est pas pret', '2020-11-25', 'Pas de description', 21);
INSERT INTO heroku_d6d405d196910d3.album (idalbum, titre, date_sortie, description, idutilisateur) VALUES (31, 'Illusion', '2020-10-12', 'On fait l''illusion', 41);
INSERT INTO heroku_d6d405d196910d3.album (idalbum, titre, date_sortie, description, idutilisateur) VALUES (41, 'Maison de Titou', '2017-05-13', 'Pour les petits.', 41);
INSERT INTO heroku_d6d405d196910d3.musique (idmusique, titre, date_sortie, idutilisateur, idalbum, path) VALUES (11, 'La miage c''est trop dur', '2021-01-13', 11, 1, '11.mp3');
INSERT INTO heroku_d6d405d196910d3.musique (idmusique, titre, date_sortie, idutilisateur, idalbum, path) VALUES (111, 'Android c''est pas bien', '2021-02-15', 11, 1, '111.mp3');
INSERT INTO heroku_d6d405d196910d3.musique (idmusique, titre, date_sortie, idutilisateur, idalbum, path) VALUES (121, 'Les singleton', '2020-06-14', 11, 1, '121.mp3');
INSERT INTO heroku_d6d405d196910d3.musique (idmusique, titre, date_sortie, idutilisateur, idalbum, path) VALUES (131, 'La roue tourne', '2021-01-20', 21, 11, '131.mp3');
INSERT INTO heroku_d6d405d196910d3.musique (idmusique, titre, date_sortie, idutilisateur, idalbum, path) VALUES (141, 'Loin de moi', '2020-11-11', 21, 11, '141.mp3');
